Model,Dataset,Test_Accuracy,Test_Precision,Test_Recall,Test_F1,Test_AUC
Baseline-LR (k=3),Veltri,0.8279494382022472,0.8220689655172414,0.8370786516853933,0.8295059151009047,0.9067786579977276
Baseline-LR (k=3),LMPred,0.7499168606584636,0.7414790996784566,0.7671324018629407,0.7540876389797253,0.8148454863323
